sha256,path,reason
ddae8423d62b7e35845294c6dbcdc847157c435c8cca7bb670864322b920ad5e,malware/ddae8423d62b7e35845294c6dbcdc847157c435c8cca7bb670864322b920ad5e.exe,"TypeError: int() argument must be a string, a bytes-like object or a real number, not 'NoneType'"
ae7c81981ed90e3bb4449532e382b7354d0daf0f8af65fdf6953b22f9dbd58a9,benign/ae7c81981ed90e3bb4449532e382b7354d0daf0f8af65fdf6953b22f9dbd58a9.dll,"TypeError: int() argument must be a string, a bytes-like object or a real number, not 'NoneType'"
de0f9340e867a8bd0c977bb8a68fd02f379c405cfe1a0738ba7abd50cbfd7abb,benign/de0f9340e867a8bd0c977bb8a68fd02f379c405cfe1a0738ba7abd50cbfd7abb.dll,"TypeError: int() argument must be a string, a bytes-like object or a real number, not 'NoneType'"
d6aaa563144385544b54d12fe1214dc874eb957bc340bd439d17cd3118a01858,benign/d6aaa563144385544b54d12fe1214dc874eb957bc340bd439d17cd3118a01858.dll,"TypeError: int() argument must be a string, a bytes-like object or a real number, not 'NoneType'"
1e83c1a2f6f2b7080c7fefccff1fde4bb14aa8a57e851817c92a6f1c946ca17a,benign/1e83c1a2f6f2b7080c7fefccff1fde4bb14aa8a57e851817c92a6f1c946ca17a.dll,"TypeError: int() argument must be a string, a bytes-like object or a real number, not 'NoneType'"
a84ade7a2ca59ecfc7341416f569fac4bd372b088c4fdbe55748d5fe6cba6687,benign/a84ade7a2ca59ecfc7341416f569fac4bd372b088c4fdbe55748d5fe6cba6687.dll,"TypeError: int() argument must be a string, a bytes-like object or a real number, not 'NoneType'"
2bc23027b1441c01a2bd9023c018b75ebcee65fc5de0bc366128d2fb26ff8f90,benign/2bc23027b1441c01a2bd9023c018b75ebcee65fc5de0bc366128d2fb26ff8f90.dll,"TypeError: int() argument must be a string, a bytes-like object or a real number, not 'NoneType'"
fcc783a1ac51a277be4652dc6fc7b281630c3298b991882c96e8ee3d41c629ea,benign/fcc783a1ac51a277be4652dc6fc7b281630c3298b991882c96e8ee3d41c629ea.dll,"TypeError: int() argument must be a string, a bytes-like object or a real number, not 'NoneType'"
5bdebbe46b6d76bf7a93551ab70d940974194e8c0638f9237cf7630e98ef05bb,benign/5bdebbe46b6d76bf7a93551ab70d940974194e8c0638f9237cf7630e98ef05bb.dll,"TypeError: int() argument must be a string, a bytes-like object or a real number, not 'NoneType'"
f0b45ca2f356c1fdc29dec467accbd0049dc4a7bddae11a8c4e0426efb83de0c,benign/f0b45ca2f356c1fdc29dec467accbd0049dc4a7bddae11a8c4e0426efb83de0c.dll,"TypeError: int() argument must be a string, a bytes-like object or a real number, not 'NoneType'"
f1fa91ef20c922a91e99a34fde3d57808c7ba223bea6658f6708a93e0fd429fb,benign/f1fa91ef20c922a91e99a34fde3d57808c7ba223bea6658f6708a93e0fd429fb.dll,"TypeError: int() argument must be a string, a bytes-like object or a real number, not 'NoneType'"
21e5b7204197f05f1ba6dbb2698521d89d8ddab40a219d9ebaf8c5918db40f8d,benign/21e5b7204197f05f1ba6dbb2698521d89d8ddab40a219d9ebaf8c5918db40f8d.exe,"TypeError: int() argument must be a string, a bytes-like object or a real number, not 'NoneType'"
38ab81f14e8ab7caff79f62a6800c59d7b53c307794547a9c9882fdb432b5cd9,benign/38ab81f14e8ab7caff79f62a6800c59d7b53c307794547a9c9882fdb432b5cd9.dll,"TypeError: int() argument must be a string, a bytes-like object or a real number, not 'NoneType'"
2db10930c59a7e3cc26be1e8bae834a875221072f9571ccd1d8e3fd6b9a1b52e,benign/2db10930c59a7e3cc26be1e8bae834a875221072f9571ccd1d8e3fd6b9a1b52e.exe,"TypeError: int() argument must be a string, a bytes-like object or a real number, not 'NoneType'"
f4e7bf44466098583d3b4dec35065a71e9154e6481181e7077e4c10c7cb13214,benign/f4e7bf44466098583d3b4dec35065a71e9154e6481181e7077e4c10c7cb13214.dll,"TypeError: int() argument must be a string, a bytes-like object or a real number, not 'NoneType'"
9ae6c1c2f82fa7b7bf0fe8a32e0e8b5d3fbfaf82dc01c1a900ca33ec63b4f60f,benign/9ae6c1c2f82fa7b7bf0fe8a32e0e8b5d3fbfaf82dc01c1a900ca33ec63b4f60f.dll,"TypeError: int() argument must be a string, a bytes-like object or a real number, not 'NoneType'"
d1cede6575db4530858534cf618bd28f357a22a976dc3f9bb56a4efdca94bfa8,benign/d1cede6575db4530858534cf618bd28f357a22a976dc3f9bb56a4efdca94bfa8.dll,"TypeError: int() argument must be a string, a bytes-like object or a real number, not 'NoneType'"
8c8543023fdf4def9ff87485199ca2ca6d02bbe8ba18d1c1670c121abbd230b1,benign/8c8543023fdf4def9ff87485199ca2ca6d02bbe8ba18d1c1670c121abbd230b1.dll,"TypeError: int() argument must be a string, a bytes-like object or a real number, not 'NoneType'"
88a6760ec9c3767fedbb2ab57b9995515700133408b25e87a7ba02aed5a1f8c2,benign/88a6760ec9c3767fedbb2ab57b9995515700133408b25e87a7ba02aed5a1f8c2.dll,"TypeError: int() argument must be a string, a bytes-like object or a real number, not 'NoneType'"
23386407de894b70cb13e825420b7add88856cef0a2481883b79068cc4276369,benign/23386407de894b70cb13e825420b7add88856cef0a2481883b79068cc4276369.exe,"TypeError: int() argument must be a string, a bytes-like object or a real number, not 'NoneType'"
f0afa0d0d09fd95b91d3a0a1061952b75da5c2e31cd40881398af699e3f4afa3,malware/f0afa0d0d09fd95b91d3a0a1061952b75da5c2e31cd40881398af699e3f4afa3.exe,"TypeError: int() argument must be a string, a bytes-like object or a real number, not 'NoneType'"
322faaaa59d1a8290462dcb75abd05deb645689b4516040a9f0e848e57b92577,benign/322faaaa59d1a8290462dcb75abd05deb645689b4516040a9f0e848e57b92577.dll,"TypeError: int() argument must be a string, a bytes-like object or a real number, not 'NoneType'"
35a2d73b7a196673c4056e18c44729cf65806f55763aa6c026776f77509b3344,benign/35a2d73b7a196673c4056e18c44729cf65806f55763aa6c026776f77509b3344.dll,"TypeError: int() argument must be a string, a bytes-like object or a real number, not 'NoneType'"
e50f459672125e7f3c692b9003ca980ed5276528790b88061a17195fc968bf11,benign/e50f459672125e7f3c692b9003ca980ed5276528790b88061a17195fc968bf11.dll,"TypeError: int() argument must be a string, a bytes-like object or a real number, not 'NoneType'"
38515483413002d884d7354be2a724117ca9e6b0baecfc9d47292a194996f72b,benign/38515483413002d884d7354be2a724117ca9e6b0baecfc9d47292a194996f72b.exe,"TypeError: int() argument must be a string, a bytes-like object or a real number, not 'NoneType'"
5aa640b813d008a978a69780e27db7a4d709cd22bb51d4c196e05b36a03a2b82,benign/5aa640b813d008a978a69780e27db7a4d709cd22bb51d4c196e05b36a03a2b82.dll,"TypeError: int() argument must be a string, a bytes-like object or a real number, not 'NoneType'"
bdb8a368842a9ca914b8dd26697907e8048d8dab5c567594abcd46c7677cbb8d,benign/bdb8a368842a9ca914b8dd26697907e8048d8dab5c567594abcd46c7677cbb8d.dll,"TypeError: int() argument must be a string, a bytes-like object or a real number, not 'NoneType'"
71479e6bdee39ea477dec5ce74f9e10337de15140f055f83af34ce7519b6b003,benign/71479e6bdee39ea477dec5ce74f9e10337de15140f055f83af34ce7519b6b003.dll,"TypeError: int() argument must be a string, a bytes-like object or a real number, not 'NoneType'"
